Date,Open,High,Low,Close,Volume,SMA_14,RSI_14,Close_Lag1,Target,Prediction,Next_Close,Daily_Return,Position_Size,Stop_Loss_Price,Effective_Return,Strategy_Dollar_Return,Cumulative_Strategy_Return,Cumulative_Market_Return
2024-03-07,168.35503848083317,169.92761476617306,167.6981518296525,168.20574951171875,71765100,177.87723868233817,22.223746408065537,168.32518005371094,1,1,169.92762756347656,0.01023673719094751,1.7835299974636079,159.79546203613282,0.01023673719094751,3.071021157284253,0.00030710211572842534,0.010236737190947531
2024-03-08,168.20576217934803,172.8836708711805,168.14604658720506,169.92762756347656,76114600,177.0539834158761,27.979499387195887,168.20574951171875,1,1,171.93812561035156,0.011831496006286425,1.7654574732877668,161.43124618530274,0.011831496006286425,3.549448801885928,0.0006620469959170181,0.022189349112426093
2024-03-11,172.12723509594798,173.56046994775534,171.24141844268888,171.93812561035156,60139500,176.42765481131417,34.11083488141729,169.92762756347656,1,1,172.41587829589844,0.0027786314632134842,1.7448137167661344,163.341219329834,0.0027786314632134842,0.8335894389640452,0.0007454059398134227,0.02502963659923152
2024-03-12,172.33625244410158,173.21212162678884,170.20631026653984,172.41587829589844,59825400,175.7814200265067,35.51570781886359,171.93812561035156,0,1,170.32577514648438,-0.01212245165626247,1.7399789564922956,163.79508438110352,-0.01212245165626247,-3.6367354968787415,0.00038173239012554854,0.012603764383321003
2024-03-13,171.9580673179999,172.37609169504998,169.95750364352023,170.32577514648438,52488700,174.84015110560827,32.273652461802115,172.41587829589844,1,1,172.18695068359375,0.010927151427954565,1.7613306015604073,161.80948638916016,0.010927151427954565,3.27814542838637,0.0007095469329641855,0.023668639053254337
2024-03-14,172.0973773021251,173.49079163745046,171.24141844268888,172.18695068359375,72913500,174.16334424700057,37.725162935469086,170.32577514648438,0,1,171.80873107910156,-0.0021965636942325203,1.742292309660981,163.57760314941405,-0.0021965636942325203,-0.6589691082697561,0.00064365002213721,0.021420085685785573
2024-03-15,170.36554869703198,171.80873107910156,169.4896795825833,171.80873107910156,121664700,173.55621010916573,37.07211074035853,172.18695068359375,1,1,172.90357971191406,0.006372485414076113,1.7461277905712402,163.2182945251465,0.006372485414076113,1.9117456242228337,0.0008348245845594933,0.027929070283462698
2024-03-18,174.7448914522954,176.87483361469177,172.70452267737835,172.90357971191406,75604200,172.92277199881417,40.29413278713605,171.80873107910156,1,1,175.2524871826172,0.01358507137108898,1.7350710754505463,164.25840072631834,0.01358507137108898,4.075521411326694,0.0012423767256921627,0.041893560067680635
2024-03-19,173.52065910891577,175.77999515234478,172.2168180823409,175.2524871826172,55215200,172.5431355067662,46.6101142491751,172.90357971191406,1,1,177.83030700683594,0.014709176832010387,1.7118159338154955,166.48986282348633,0.014709176832010387,4.412753049603116,0.0016836520306524744,0.057218956682849154
2024-03-20,174.89417408943874,177.83030700683594,174.2671300256647,177.83030700683594,53423100,172.39526149204798,52.54335779863551,175.2524871826172,0,1,170.56460571289062,-0.04085749733123957,1.6870015299949281,168.93879165649415,-0.04085749733123957,-12.257249199371872,0.0004579271107152871,0.01402363598164369
2024-03-21,176.21791925324277,176.65585381045534,170.037097774542,170.56460571289062,106181300,171.80589948381697,39.2900238746277,177.83030700683594,1,1,171.47035217285156,0.005310283784700149,1.7588643244366093,162.0363754272461,0.005310283784700149,1.5930851354100448,0.0006172356242562916,0.019408389253099623
2024-03-22,170.95279171103329,172.23673773536032,169.26078406375387,171.47035217285156,71106600,171.60541643415178,41.27849055154648,170.56460571289062,0,0,170.0470733642578,-0.00830043672598868,1.7495735921600224,162.89683456420897,0.0,0.0,0.0006172356242562916,0.0109468544201623
2024-03-25,169.76839047714014,171.13194711675715,168.65364374159117,170.0470733642578,54288300,171.65731593540735,39.1106784980119,171.47035217285156,0,1,168.9124298095703,-0.006672526214297027,1.7642173667839025,161.54471969604492,-0.006672526214297027,-2.0017578642891083,0.0004170598378273807,0.004201285032782609
2024-03-26,169.20106023000122,170.61438491064948,168.78303590364706,168.9124298095703,57388400,171.69926234654017,37.42336862745924,170.0470733642578,1,1,172.49549865722656,0.021212582470666933,1.7760682285976002,160.4668083190918,0.021212582470666933,6.363774741200081,0.0010534373119473889,0.025502987608690297
2024-03-27,169.609133760084,172.78414425918754,169.31054062211945,172.49549865722656,60273300,172.00567299979073,45.42974281363531,168.9124298095703,0,0,170.67410278320312,-0.010559092197778527,1.7391758181246415,163.87072372436523,0.0,0.0,0.0010534373119473889,0.014674607013432928
2024-03-28,170.94283813483634,171.4205780589011,169.70866021166748,170.67410278320312,65672700,172.05899265834265,42.45604318857039,172.49549865722656,0,1,169.23092651367188,-0.00845574252916641,1.7577359136967114,162.14039764404296,-0.00845574252916641,-2.536722758749923,0.0007997650360723966,0.006094779785644322
2024-04-01,170.38547862745995,170.4451942217802,168.68350825393796,169.23092651367188,46240500,171.86562129429407,40.21013467435487,170.67410278320312,0,1,168.04649353027344,-0.006998915669842115,1.7727256251579022,160.76938018798828,-0.006998915669842115,-2.0996747009526344,0.0005897975659771332,-0.0009467927339438242
2024-04-02,168.28537106183597,168.54414366405445,167.43935975957754,168.04649353027344,49329500,171.55352238246374,38.41408305888552,169.23092651367188,1,1,168.85269165039062,0.004797470647442885,1.785220231006815,159.64416885375977,0.004797470647442885,1.4392411942328656,0.0007337216854004197,0.003846135703148734
2024-04-03,167.99673277562965,169.8778497555363,167.78772821512752,168.85269165039062,47691700,171.44830213274275,40.36657395865908,168.04649353027344,0,1,168.026611328125,-0.004892313614852073,1.776696581308575,160.4100570678711,-0.004892313614852073,-1.4676940844556217,0.0005869522769548576,-0.0010649944137683942
2024-04-04,169.48968886138192,171.11203328162168,168.026611328125,168.026611328125,53704400,171.15113503592357,39.00211358180093,168.85269165039062,1,1,168.7830352783203,0.004501810422863055,1.7854314720074624,159.62528076171876,0.004501810422863055,1.3505431268589163,0.0007220065896407492,0.0034320216061425324
2024-04-05,168.79298281447828,169.5892261323792,168.15599119757314,168.7830352783203,42055200,170.9350139072963,40.96973458999181,168.026611328125,0,0,167.65834045410156,-0.006663553729580391,1.777429819918247,160.3438835144043,0.0,0.0,0.0007220065896407492,-0.003254401583811517
2024-04-08,168.23561647794648,168.40481571452685,167.4493358859462,167.65834045410156,37425500,170.5603539603097,38.95752977487845,168.7830352783203,1,0,168.87261962890625,0.007242581380179596,1.7893532715846518,159.2754234313965,0.0,0.0,0.0007220065896407492,0.003964609528053442
2024-04-09,167.90717701117094,169.2806964440478,167.55883097808936,168.87261962890625,42451200,170.10464913504464,42.2550795117433,167.65834045410156,0,0,166.9915008544922,-0.011139276328796096,1.7764869204921627,160.42898864746093,0.0,0.0,0.0007220065896407492,-0.007218829681811423
2024-04-10,168.00671152069506,168.29534195603523,166.3246514051182,166.9915008544922,49709300,169.3304486955915,38.76170991509314,168.87261962890625,1,0,174.2173614501953,0.04327082850760991,1.7964986149888227,158.64192581176758,0.0,0.0,0.0007220065896407492,0.03573963408461123
2024-04-11,167.54885233902874,174.63540094951088,167.36970557110288,174.2173614501953,91070300,169.5913598196847,54.367825569374574,166.9915008544922,1,1,175.72027587890625,0.008626662786077068,1.721986818665963,165.50649337768553,0.008626662786077068,2.5879988358231207,0.0009808064732230613,0.04467461064203415
2024-04-12,173.4410296238906,177.52176704196785,173.39127675717174,175.72027587890625,101593300,169.8949257986886,56.831954940207545,174.2173614501953,0,0,171.87841796875,-0.02186348667471807,1.7072588720879223,166.93426208496092,0.0,0.0,0.0009808064732230613,0.021834381212845866
2024-04-15,174.53586805138283,175.7999037342719,171.68930847441092,171.87841796875,73531800,170.02573612758093,49.4768907245965,175.72027587890625,0,0,168.58399963378906,-0.019167143693165193,1.7454198354010007,163.28449707031248,0.0,0.0,0.0009808064732230613,0.0022487347975226335
2024-04-16,170.94285690412892,172.94340539530876,167.47921549696915,168.58399963378906,73711200,170.00227682931083,44.19500292488984,171.87841796875,0,0,167.21046447753906,-0.008147482318806631,1.7795283102292194,160.1547996520996,0.0,0.0,0.0009808064732230613,-0.005917069048286483
2024-04-17,168.81289870293196,169.84800441976404,167.21046447753906,167.21046447753906,50901200,169.62477438790458,42.17350995081156,168.58399963378906,0,0,166.2549591064453,-0.005714387398416087,1.7941460837237146,158.8499412536621,0.0,0.0,0.0009808064732230613,-0.011597644021897557
2024-04-18,167.24031189258443,167.8474456964944,165.7672716683895,166.2549591064453,43122900,169.30912126813615,40.77622767271039,167.21046447753906,0,0,164.22454833984375,-0.012212632799131031,1.804457452652128,157.94221115112305,0.0,0.0,0.0009808064732230613,-0.023668639053254115
2024-04-19,165.42886837664992,165.6179626751691,163.30887389276177,164.22454833984375,67772100,168.95152282714844,37.90248703234936,166.2549591064453,1,0,165.06060791015625,0.0050909536897149575,1.8267670883112104,156.01332092285156,0.0,0.0,0.0009808064732230613,-0.01869818130885781
2024-04-22,164.74211969252124,166.47393259764522,163.9956444231876,165.06060791015625,48116400,168.73824528285436,39.7843496020371,164.22454833984375,1,0,166.11563110351562,0.0063917321444352864,1.817514207649667,156.80757751464844,0.0,0.0,0.0009808064732230613,-0.012425962930936785
2024-04-23,164.57292762929356,166.26493527613894,164.1449405589347,166.11563110351562,49537800,168.54274095807756,42.166149505314245,165.06060791015625,1,0,168.22567749023438,0.012702274751036921,1.8059709252349274,157.80984954833983,0.0,0.0,0.0009808064732230613,0.00011847382490537406
2024-04-24,165.7573215689687,168.50436038665487,165.4288858023208,168.22567749023438,48251800,168.55695996965682,46.70645601278305,166.11563110351562,1,0,169.09158325195312,0.005147286517951557,1.7833187208737218,159.81439361572265,0.0,0.0,0.0009808064732230613,0.005266370161578715
2024-04-25,168.73327450279362,169.80820075027214,167.3597550998357,169.09158325195312,50558300,168.57899911063058,48.4934728428513,168.22567749023438,0,1,168.5043487548828,-0.0034728783406996074,1.7741864747518992,160.63700408935546,-0.0034728783406996074,-1.0418635022098823,0.0008766201230020731,0.0017752023580108744
2024-04-26,169.081624768213,170.53475474394267,168.38490238817732,168.5043487548828,44838400,168.6394282749721,47.33428067783745,169.09158325195312,1,0,172.6846160888672,0.0248080679512032,1.7803694813621644,160.07913131713866,0.0,0.0,0.0008766201230020731,0.026627309649938757
2024-04-29,172.555222179483,175.20272483761752,172.28650201133237,172.6846160888672,68169400,168.91171373639787,55.4907087119188,168.5043487548828,0,0,169.5294952392578,-0.01827100132640468,1.7372711408502863,164.0503852844238,0.0,0.0,0.0008766201230020731,0.007869800713601549
2024-04-30,172.51539602156524,174.16759809934044,169.2010443307548,169.5294952392578,65934800,169.09299904959542,49.286370662198,172.6846160888672,0,0,168.5043487548828,-0.0060470095951634,1.7696035700254313,161.05302047729492,0.0,0.0,0.0008766201230020731,0.0017752023580110965
2024-05-01,168.78303163206596,171.89832652202932,168.31523926242042,168.5043487548828,50383100,168.68492671421595,47.430747594504304,169.5294952392578,1,0,172.21681213378906,0.02203185500159783,1.7803694813621644,160.07913131713866,0.0,0.0,0.0008766201230020731,0.023846168360559084
2024-05-02,171.69925171807526,172.60497864880503,170.08687006909776,172.21681213378906,94214900,168.43467930385046,54.16137352905296,168.5043487548828,1,0,182.5181884765625,0.05981632231567884,1.741990205735203,163.6059715270996,0.0,0.0,0.0008766201230020731,0.08508888076888721
2024-05-03,185.77280978325868,186.12117099096088,181.80157098826203,182.5181884765625,163224100,169.19466291155135,66.84599287341688,172.21681213378906,0,0,180.8560333251953,-0.009106791850394832,1.6436718033639894,173.39227905273438,0.0,0.0,0.0008766201230020731,0.07520720219254695
2024-05-06,181.4930249418685,183.3343214775735,179.5720873686165,180.8560333251953,78569700,170.07123674665178,63.77919019771628,182.5181884765625,1,1,181.5427703857422,0.0037971476423573902,1.6587779488703769,171.81323165893554,0.0037971476423573902,1.139144292707217,0.0009905345522727947,0.07928992268539825
2024-05-07,182.58783874817743,184.0310211595987,180.4678594160644,181.5427703857422,77305800,171.09497288295202,64.50378646453787,180.8560333251953,1,1,181.88119506835932,0.0018641595140255142,1.6525031504287382,172.46563186645508,0.0018641595140255142,0.5592478542076543,0.0010464593376935602,0.081301891263164
2024-05-08,181.9906787165348,182.20964601288568,180.5972490863857,181.88119506835932,45057100,172.2111325945173,64.8766841383256,181.5427703857422,1,1,183.7025909423828,0.01001420665472827,1.6494283528720284,172.78713531494134,0.01001420665472827,3.004261996418481,0.0013468855373354083,0.09213027185842182
2024-05-09,181.7020275403552,183.7921643280348,181.25414542501755,183.7025909423828,48983000,173.6024213518415,66.89254452641248,181.88119506835932,0,1,182.43685913085932,-0.006890114097086869,1.6330744082651134,174.51746139526367,-0.006890114097086869,-2.067034229126061,0.0011401821144228022,0.08460536967643484
2024-05-10,184.280653249985,184.47001925959685,181.51994258592453,182.43685913085932,50759500,174.8435821533203,64.13768017236993,183.7025909423828,1,1,185.6560211181641,0.017645348657289228,1.6444045431894567,173.31501617431636,0.017645348657289228,5.293604597186769,0.0016695425741414791,0.10374360957994355
2024-05-13,184.8188384959365,186.4732816834413,184.00157793065927,185.6560211181641,72044800,176.23932429722376,67.77289150230547,182.43685913085932,1,1,186.8021545410156,0.006173424465032721,1.6158915729916437,176.37322006225588,0.006173424465032721,1.8520273395098164,0.0018547453080924607,0.11055748738244775
2024-05-14,186.8818883882772,187.66925062518712,185.6659738309724,186.8021545410156,52393600,177.56621551513672,68.97856629033564,185.6560211181641,1,1,189.0845184326172,0.012218081195099166,1.6059771940913556,177.4620468139648,0.012218081195099166,3.6654243585297506,0.002221287743945436,0.12412636893511175
2024-05-15,187.2805836100953,190.01139602124525,186.7423838683229,189.0845184326172,70400000,178.99428231375558,71.28259764635833,186.8021545410156,1,0,189.2041015625,0.0006324321571859812,1.586592083195373,179.63029251098632,0.0,0.0,0.002221287743945436,0.12483730259956705
2024-05-16,189.83199615864385,190.4598907547877,189.02471179656044,189.2041015625,52845200,180.47283608572823,71.40244408938173,189.0845184326172,1,0,189.23399353027344,0.00015798794807607937,1.5855893055304653,179.743896484375,0.0,0.0,0.002221287743945436,0.1250150133369241
2024-05-17,188.875198802712,190.17084727488813,188.54630236847427,189.23399353027344,41282900,181.6549344744001,71.4345356292791,189.2041015625,1,0,190.40008544921875,0.006162169371322613,1.5853388410999547,179.77229385375975,0.0,0.0,0.002221287743945436,0.13194754639438688
2024-05-20,188.6958217839837,191.2771426664072,188.37688635675943,190.40008544921875,44361300,183.14569091796875,72.72059069676803,189.23399353027344,1,0,191.7057037353516,0.0068572358203119604,1.5756295449773443,180.8800811767578,0.0,0.0,0.002221287743945436,0.13970957765623693
2024-05-21,190.4499145429012,192.0844205327212,190.2804858058216,191.7057037353516,42309400,184.8029305594308,74.12522411006,190.40008544921875,0,0,190.2605438232422,-0.00753842939438274,1.564898665791123,182.120418548584,0.0,0.0,0.002221287743945436,0.13111795747497368
2024-05-22,191.625965130265,192.17412585880132,189.63266445026173,190.2605438232422,34648500,186.0917685372489,69.83866955145645,191.7057037353516,0,0,186.25401306152344,-0.021058127351096707,1.5767851493093024,180.74751663208008,0.0,0.0,0.002221287743945436,0.10729873147735325
2024-05-23,190.3402701697929,190.3602074339564,186.0048504863481,186.25401306152344,51005900,186.3586131504604,59.55601540240237,190.2605438232422,1,0,189.3436279296875,0.016588178785406898,1.61070354978555,176.94131240844726,0.0,0.0,0.002221287743945436,0.12566680080395387
2024-05-24,188.1875250894915,189.9416242186365,187.4101238307869,189.3436279296875,36294600,186.9648699079241,63.962429650675055,186.25401306152344,1,1,189.3535919189453,5.262384251722806e-05,1.584420892745356,179.8764465332031,5.262384251722806e-05,0.015787152755168416,0.0022228664592209525,0.12572603771640622
2024-05-28,190.8684893929941,192.3535037829733,188.4665737792376,189.3535919189453,52280100,187.52278573172435,63.97606091608085,189.3436279296875,1,1,189.652587890625,0.0015790351196911844,1.5843375188172717,179.88591232299805,0.0015790351196911844,0.47371053590735535,0.002270237512811688,0.12750359866511118
2024-05-29,188.97487295416656,191.6060292626522,188.8752018363686,189.652587890625,53068000,188.077885219029,64.41108389878318,189.3535919189453,1,1,190.6492462158203,0.0052551791477272,1.5818397383167464,180.16995849609376,0.0052551791477272,1.57655374431816,0.002427892887243504,0.13342883206580325
2024-05-30,190.1210227262773,191.53626445370173,189.99146851693155,190.6492462158203,49947900,188.5740748814174,65.88975467619179,189.652587890625,1,0,191.6060333251953,0.005018572736930153,1.5735703442561297,181.11678390502928,0.0,0.0,0.002427892887243504,0.13911702710165907
2024-05-31,190.7987489600185,191.92496874276912,189.2738751129784,191.6060333251953,75158300,189.22901589529852,67.29460429179962,190.6492462158203,1,1,193.38006591796875,0.009258751209376246,1.565712701180122,182.02573165893554,0.009258751209376246,2.777625362812874,0.0027056554235247916,0.14966382825395774
2024-06-03,192.25384615761888,194.33685694398167,191.8751293663799,193.38006591796875,50080500,189.7807333809989,69.77986712992214,191.6060333251953,1,1,193.69900512695312,0.001649286897645738,1.5513491454039483,183.7110626220703,0.001649286897645738,0.4947860692937214,0.0027551340304541637,0.15155995374259423
2024-06-04,193.98802704232932,194.66575720064256,192.38341934135104,193.69900512695312,47471400,190.2733655657087,70.21803175850566,193.38006591796875,1,0,195.21389770507807,0.007820858848149792,1.5487947385345406,184.01405487060546,0.0,0.0,0.0027551340304541637,0.16056614159599714
2024-06-05,194.7454708275224,196.24044634116564,194.2172473626493,195.21389770507807,54156800,190.71117837088448,72.27431016599712,193.69900512695312,0,0,193.8285522460937,-0.007096551399620655,1.536775831673772,185.45320281982416,0.0,0.0,0.0027551340304541637,0.15233012431950166
2024-06-06,195.03450583879905,195.84179017422773,193.5195930765027,193.8285522460937,41181800,191.04149627685547,67.67276815305064,195.21389770507807,1,1,196.23048400878903,0.012392043044544528,1.5477595871381535,184.137124633789,0.012392043044544528,3.717612913363358,0.0031268953217904994,0.16660984882159435
2024-06-07,193.9979817818169,196.28031956711487,193.48969558531903,196.23048400878903,53103900,191.5412455967494,71.10749282246545,193.8285522460937,0,0,192.47311401367188,-0.01914773850809474,1.5288144526339913,186.41895980834957,0.0,0.0,0.0031268953217904994,0.1442719084953905
2024-06-10,196.24045118441725,196.6391204558344,191.5063619410421,192.47311401367188,97262100,191.68931906563893,60.31215496797668,196.23048400878903,1,0,206.45611572265625,0.0726491166344985,1.5586592524226017,182.84945831298828,0.0,0.0,0.0031268953217904994,0.22740225183725227
2024-06-11,193.00133588013964,206.46609195915696,192.9814138224934,206.45611572265625,172373300,192.74291992187497,75.32534738654756,192.47311401367188,1,0,212.35629272460932,0.028578359044006706,1.4530933072624805,196.13330993652343,0.0,0.0,0.0031268953217904994,0.26247939408167964
2024-06-12,206.67537368785207,219.4623992232993,206.20694681699416,212.35629272460932,198134300,194.32118770054404,78.94466716862998,206.45611572265625,1,0,213.5223846435547,0.005491204917848118,1.412720085432316,201.73847808837886,0.0,0.0,0.0031268953217904994,0.26941192713914286
2024-06-13,214.0207098376566,216.02397164318225,210.8912282270037,213.5223846435547,97862700,196.268928527832,79.58210709127805,212.35629272460932,0,0,211.7782440185547,-0.008168420505005108,1.405004915530554,202.84626541137695,0.0,0.0,0.0031268953217904994,0.2590428367242015
2024-06-14,213.13368913916617,214.44925972841028,210.59222763705992,211.7782440185547,70122700,197.8714011056082,75.88171550272914,213.5223846435547,1,0,215.94422912597656,0.01967144985420163,1.4165761048321652,201.18933181762694,0.0,0.0,0.0031268953217904994,0.28381003475111344
2024-06-17,212.6552799352836,218.2165907033257,212.0074632920053,215.94422912597656,93728300,199.7707323346819,78.45824030144131,211.7782440185547,0,0,213.5721893310547,-0.010984501899043967,1.389247590520177,205.14701766967772,0.0,0.0,0.0031268953217904994,0.269708020986378
2024-06-18,216.8611384124148,217.8976632564161,212.28651711595563,213.5721893310547,79943300,201.47927529471255,73.63476812497339,215.94422912597656,0,0,208.97764587402344,-0.021512835877284215,1.4046772706673667,202.89357986450193,0.0,0.0,0.0031268953217904994,0.24239300071882663
2024-06-20,213.21341001933183,213.5223844137921,208.15043943546107,208.97764587402344,86172500,202.78844669886996,65.26511604422228,213.5721893310547,0,0,206.79498291015625,-0.010444480579434545,1.4355602425574596,198.52876358032225,0.0,0.0,0.0031268953217904994,0.22941685115079347
2024-06-21,209.6852627905662,211.1802382889184,206.4162509174504,206.79498291015625,246421400,203.8733716692243,61.6784812926992,208.97764587402344,1,1,207.4428100585937,0.0031327024443281435,1.4507121777240477,196.45523376464843,0.0031327024443281435,0.9398107332984431,0.0032208763951203437,0.23326824832549176
2024-06-24,207.02421872275744,211.9875333707341,205.89799892378585,207.4428100585937,80727000,204.87785339355463,62.34000205244432,206.79498291015625,1,1,208.3697052001953,0.004468196036005351,1.4461817207126286,197.070669555664,0.004468196036005351,1.3404588108016056,0.003354922276200504,0.23877873262399096
2024-06-25,208.44942384896885,210.6719651774044,207.91123932751768,208.3697052001953,56713900,205.92576054164337,63.31574761177092,207.4428100585937,1,0,212.5356903076172,0.019993237996950287,1.439748641539657,197.95121994018552,0.0,0.0,0.003354922276200504,0.2635459306509029
2024-06-26,210.7915521691021,214.1402980033581,209.9344322470105,212.5356903076172,66213200,207.1630314418248,67.40362103958716,208.3697052001953,1,0,213.38284301757807,0.003985931533356773,1.4115276336213924,201.9089057922363,0.0,0.0,0.003354922276200504,0.268582338219729
2024-06-27,213.97086306596705,215.0173489602873,211.6387049296034,213.38284301757807,49772700,208.5597664969308,68.18012715809861,212.5356903076172,0,0,209.9144744873047,-0.01625420526423328,1.405923717940559,202.71370086669916,0.0,0.0,0.003354922276200504,0.24796254049972455
2024-06-28,215.0472324898511,215.3462306116548,209.5955543096767,209.9144744873047,82542700,209.5371943882533,61.69965734374491,213.38284301757807,1,1,216.02395629882807,0.029104623806648803,1.4291534718257055,199.41875076293945,0.029104623806648803,8.731387141994642,0.004228060990399968,0.28428402076575865
2024-07-01,211.3795621698505,216.78140506529675,211.2101334408119,216.02395629882807,60402900,211.2193974086217,67.55052394696074,209.9144744873047,1,0,219.5321807861328,0.016239978877397202,1.3887348659840626,205.22275848388665,0.0,0.0,0.004228060990399968,0.3051407661355734
2024-07-02,215.4259709293389,219.64181293490427,214.3795002092306,219.5321807861328,58046200,212.1534020560128,70.35137360315545,216.02395629882807,1,0,220.80789184570312,0.005811043533581548,1.3665422487296226,208.55557174682616,0.0,0.0,0.004228060990399968,0.31272499594503933
2024-07-03,219.2630807353504,220.80789184570312,218.29632866276663,220.80789184570312,37369800,212.75708770751956,71.32076529893084,219.5321807861328,1,0,225.5818328857422,0.021620337027514456,1.3586470913351005,209.76749725341796,0.0,0.0,0.004228060990399968,0.3411065527818138
2024-07-05,220.90754038733803,225.6914650307592,220.90754038733803,225.5818328857422,60412400,213.61847686767575,74.65975405766477,220.80789184570312,1,0,227.056884765625,0.006538877094016389,1.3298943277579929,214.30274124145507,0.0,0.0,0.004228060990399968,0.3498758837004341
2024-07-08,226.32931907748747,227.0867830588168,222.50218547217585,227.056884765625,59085900,214.70980834960935,75.60482888440502,225.5818328857422,1,0,227.9139862060547,0.003774831321738663,1.3212548049783608,215.70404052734375,0.0,0.0,0.004228060990399968,0.35497143746668613
2024-07-09,227.1664984715379,228.631575647805,225.6117264169712,227.9139862060547,48076100,215.5647909981864,76.16118096867837,227.056884765625,1,0,232.1995849609375,0.018803579482867924,1.3162860471791016,216.51828689575194,0.0,0.0,0.004228060990399968,0.3804497505881066
2024-07-10,228.53191911989683,232.2992560750062,228.48208356286247,232.1995849609375,62627700,216.8953192574637,78.76848032132872,227.9139862060547,0,0,226.80772399902344,-0.023220803615222333,1.291991973415751,220.5896057128906,0.0,0.0,0.004228060990399968,0.3483945980290175
2024-07-11,230.61492037011672,231.61157070495585,225.0137503547776,226.80772399902344,64710600,218.1688962663923,68.60232265891844,232.1995849609375,1,0,229.76776123046875,0.013050866078344216,1.3227062760935413,215.46733779907225,0.0,0.0,0.004228060990399968,0.36599231534865684
2024-07-12,228.1531925563972,231.86073301422448,227.9139910015552,229.76776123046875,53046500,219.8098090035575,70.82824545432285,226.80772399902344,1,0,233.6148376464844,0.01674332550142594,1.3056662013566156,218.2793731689453,0.0,0.0,0.004228060990399968,0.38886356931698596
2024-07-15,235.6878722143984,236.4353599823044,232.3092281117703,233.6148376464844,62631300,221.67923954554968,73.46157958132079,229.76776123046875,1,0,234.033432006836,0.0017918141012302701,1.2841650086197536,221.93409576416016,0.0,0.0,0.004228060990399968,0.39135215464517326
2024-07-16,234.2128217621178,235.47857190808813,231.5517672716992,234.033432006836,43234300,223.51236288888117,73.73935641643347,233.6148376464844,0,0,228.1133270263672,-0.02529597985084406,1.2818681392119957,222.3317604064942,0.0,0.0,0.004228060990399968,0.3561565385758405
2024-07-17,228.68140979310064,230.68468664215072,225.88082486496336,228.1133270263672,57345900,224.6250512259347,63.60023357618344,234.033432006836,0,0,223.42906188964844,-0.020534815732959368,1.315135787596152,216.70766067504883,0.0,0.0,0.004228060990399968,0.3283081139511377
2024-07-18,229.50863493701104,229.668102638376,221.52547133243425,223.42906188964844,66034600,225.34263828822543,56.93002848995909,228.1133270263672,1,0,223.55862426757807,0.0005798814927380463,1.342708049985771,212.257608795166,0.0,0.0,0.004228060990399968,0.3290783752430717
2024-07-19,224.06692564873424,226.0402889661169,222.5320756847993,223.55862426757807,49151500,226.31722041538785,57.064157460380805,223.42906188964844,0,0,223.20980834960932,-0.0015602883543926762,1.3419298896781946,212.38069305419916,0.0,0.0,0.004228060990399968,0.32700462973210476
2024-07-22,226.24957960487183,227.01700459563804,222.34271224556247,223.20980834960932,48201800,226.8304955618722,56.55352344341536,223.55862426757807,1,0,224.2563018798828,0.004688385058036478,1.3440269592907659,212.04931793212884,0.0,0.0,0.004228060990399968,0.33322613841008586
2024-07-23,223.61844622977043,226.17984506717187,221.9341046141529,224.2563018798828,39960300,227.1679327828544,57.77433263748532,223.20980834960932,0,0,217.80795288085932,-0.02875437142666068,1.3377550485100185,213.04348678588866,0.0,0.0,0.004228060990399968,0.29489005883050967
2024-07-24,223.2496702854449,224.04699357799976,216.40268749627205,217.80795288085932,61777600,226.95365142822263,48.69464154972052,224.2563018798828,0,0,216.7614898681641,-0.004804521592779678,1.3773601745575361,206.91755523681636,0.0,0.0,0.004228060990399968,0.28866873158258266
2024-07-25,218.19665359620475,220.11023564894725,213.9010930254534,216.7614898681641,51391200,226.32362692696708,47.39294467869341,217.80795288085932,1,0,217.2299194335937,0.002161036841528006,1.3840096789446417,205.92341537475588,0.0,0.0,0.004228060990399968,0.29145359218805766
2024-07-26,217.9674309680192,218.7547932697213,215.28643906297688,217.2299194335937,41601300,225.621700831822,48.06223880194628,216.7614898681641,1,0,217.50897216796875,0.0012845962246023027,1.3810252325380472,206.368423461914,0.0,0.0,0.004228060990399968,0.2931125885968313
2024-07-29,216.23326096996,218.5654190781,215.0273073866339,217.50897216796875,36311800,224.87848554338728,48.4827257915704,217.2299194335937,1,0,218.06710815429688,0.0025660366134097265,1.3792534487649941,206.6335235595703,0.0,0.0,0.004228060990399968,0.2964307628444318
2024-07-30,218.45580119769892,219.5919820328496,215.39607720378967,218.06710815429688,41643800,223.8690229143415,49.36570910368253,217.50897216796875,1,0,221.3361053466797,0.014990785268128476,1.3757232924267064,207.16375274658202,0.0,0.0,0.004228060990399968,0.3158652780252289
2024-07-31,220.6982497488722,223.07028238181744,219.8909654212368,221.3361053466797,50036300,223.47819301060267,54.30564565208554,218.06710815429688,0,0,217.6285552978516,-0.01675076934701162,1.3554047114460097,210.2693000793457,0.0,0.0,0.004228060990399968,0.29382352226128705
2024-08-01,223.618417993468,223.72805013234773,216.29304757526307,217.6285552978516,62501000,222.6111068725586,48.52353702016904,221.3361053466797,1,0,219.12353515625,0.006869410387586061,1.378495572832402,206.747127532959,0.0,0.0,0.004228060990399968,0.30271132700481207
2024-08-02,218.41590675319648,224.84431334230803,216.98074309833052,219.12353515625,105568600,221.57601383754184,50.798391241081205,217.6285552978516,0,0,208.5690155029297,-0.04816698327632502,1.3690907267723642,208.1673583984375,0.0,0.0,0.004228060990399968,0.23996365230309213
2024-08-05,198.42310739676373,212.7848420736874,195.34346157584417,208.5690155029297,119548600,219.75712694440568,38.02289303401359,219.12353515625,0,0,206.5358428955078,-0.009748200625674027,1.4383728056470881,198.1405647277832,0.0,0.0,0.004228060990399968,0.22787623785189814
2024-08-06,204.61231506511243,209.2866075294688,200.39648844230865,206.5358428955078,69660500,218.21587807791573,36.13748121168109,208.5690155029297,1,0,209.1171875,0.012498288763360852,1.452532382729221,196.20905075073242,0.0,0.0,0.004228060990399968,0.24322258963824028
2024-08-07,206.2069550428707,212.9243839975228,205.69866882998733,209.1171875,63516400,217.193601335798,40.1923274433921,206.5358428955078,1,0,212.59548950195312,0.01663326694250383,1.4346023088130908,198.66132812499998,0.0,0.0,0.004228060990399968,0.2639014428406439
2024-08-08,212.39616246807245,213.48250772924823,208.13050007077933,212.59548950195312,47161100,216.41052028111048,45.23794221496592,209.1171875,1,0,215.51568603515625,0.013735928923253553,1.4111305969040508,201.96571502685546,0.0,0.0,0.004228060990399968,0.2812623032255004
2024-08-09,211.3895540245213,216.05387055494424,211.259984607228,215.51568603515625,42201600,215.8609401157924,49.11893518943179,212.59548950195312,1,0,217.0522918701172,0.007129902529277042,1.392010045853749,204.73990173339843,0.0,0.0,0.004228060990399968,0.29039757856193527
2024-08-12,215.59550663031672,219.02793942662467,215.12653755613,217.0522918701172,38028100,215.3463679722377,51.08344430215068,215.51568603515625,1,0,220.7840881347656,0.017193074684885123,1.3821554124824365,206.1996772766113,0.0,0.0,0.004228060990399968,0.3125834805033456
2024-08-13,218.52904142421028,221.4027217224782,218.52904142421028,220.7840881347656,44155300,215.55894906180245,55.57001160639353,217.0522918701172,1,0,221.23309326171875,0.002033684269307862,1.3587935730988068,209.7448837280273,0.0,0.0,0.004228060990399968,0.31525286087979865
2024-08-14,220.08562480803565,222.54021400164925,219.21752501736543,221.23309326171875,41960600,215.8783493041992,56.09183276472879,220.7840881347656,1,0,224.2265014648437,0.013530562534709675,1.356035824374159,210.1714385986328,0.0,0.0,0.004228060990399968,0.33304897196288863
2024-08-15,224.1067698647473,224.8551228159093,222.27079905335071,224.2265014648437,46414000,216.37810516357425,59.50636760575252,221.23309326171875,1,0,225.5535888671875,0.005918512725632835,1.3379328404097532,213.0151763916015,0.0,0.0,0.004228060990399968,0.3409386392673428
2024-08-16,223.42826155403992,226.33187474025672,223.15885022096825,225.5535888671875,44340200,216.95272064208984,60.95600297060576,224.2265014648437,0,0,225.3939208984375,-0.0007078937185256544,1.3300608582940736,214.27590942382812,0.0,0.0,0.004228060990399968,0.33998939722767707
2024-08-19,225.22429606357244,225.49370737790127,222.5501737117912,225.3939208984375,40687800,217.47606440952845,60.674565659589824,225.5535888671875,1,0,226.0125732421875,0.0027447605564693326,1.3310030670045445,214.1242248535156,0.0,0.0,0.004228060990399968,0.3436673472712748
2024-08-20,225.27420804373648,226.6711275207631,224.95490346311303,226.0125732421875,30299000,217.81009783063612,61.4178670915886,225.3939208984375,0,1,225.9028167724609,-0.0004856210791820841,1.3273597822300358,214.71194458007812,-0.0004856210791820841,-0.14568632375462523,0.004213492358024506,0.34301483408403133
2024-08-21,226.0225636042008,227.47934890039068,224.55579052395228,225.9028167724609,34765500,218.401116507394,61.19686886229831,226.0125732421875,0,1,224.0369110107422,-0.00825977200451707,1.3280046893004127,214.60767593383784,-0.00825977200451707,-2.4779316013551207,0.003965699197888994,0.33192183775581285
2024-08-22,227.28974628083645,227.8385414771675,223.4082896744648,224.0369110107422,43695300,218.752071925572,57.4145324333868,225.9028167724609,1,0,226.3418426513672,0.010288178096307008,1.3390650614068478,212.83506546020507,0.0,0.0,0.003965699197888994,0.3456248868330054
2024-08-23,225.16444130741013,227.7188169640382,223.8373602369176,226.3418426513672,38677300,220.02155957903184,60.64994263570405,224.0369110107422,1,0,226.6810913085937,0.0014988331510097674,1.3254288137173469,215.0247505187988,0.0,0.0,0.003965699197888994,0.34764175402221453
2024-08-26,226.2620154817008,226.7808777924977,223.39832305195915,226.6810913085937,30602200,221.46050589425224,61.118172777880616,226.3418426513672,1,1,227.5292358398437,0.0037415760015703,1.3234451901927415,215.347036743164,0.0037415760015703,1.12247280047109,0.004077946477936103,0.35268405806777814
2024-08-27,225.5036950185404,228.34744239539063,224.3961320136416,227.5292358398437,35934600,222.77565220424108,62.32515772276314,226.6810913085937,0,1,225.9926147460937,-0.006753510545922183,1.3185118777930058,216.1527740478515,-0.006753510545922183,-2.026053163776655,0.0038753411615584372,0.34354869201631644
2024-08-28,227.4194670399241,229.3552090758368,225.18438078371824,225.9926147460937,38052200,223.7325897216797,58.765878745322745,227.5292358398437,1,0,229.28536987304688,0.014570189077429121,1.327477007764412,214.692984008789,0.0,0.0,0.0038753411615584372,0.36312445049372655
2024-08-29,229.59470189609323,232.4085012026452,228.37737982242845,229.28536987304688,51906300,224.7161385672433,63.5672757519952,225.9926147460937,0,0,228.49710083007807,-0.0034379386849028525,1.308413180335523,217.82110137939452,0.0,0.0,0.0038753411615584372,0.35843811221303734
2024-08-30,229.6844899472923,229.89402024722435,226.98043458769092,228.49710083007807,52990800,225.53362492152624,61.71460374961652,229.28536987304688,0,1,222.28079223632807,-0.02720519678878884,1.3129269426621526,217.07224578857415,-0.02720519678878884,-8.161559036636651,0.0030591852578947722,0.3214815360448908
2024-09-03,228.0480979020216,228.4971066385697,220.68429981162345,222.28079223632807,50190600,225.6405323573521,49.46988944289431,228.49710083007807,0,0,220.3650054931641,-0.008618768737908403,1.3496442809194291,211.16675262451164,0.0,0.0,0.0030591852578947722,0.31009199229430395
2024-09-04,221.17322424578344,221.29295584608852,217.0023958735564,220.3650054931641,43840200,225.5785260881696,46.41352891017615,222.28079223632807,1,0,221.8916473388672,0.006927787115229847,1.3613776803109796,209.34675521850588,0.0,0.0,0.0030591852578947722,0.31916803071828626
2024-09-05,221.1432943761453,224.9848304496161,221.0335353326016,221.8916473388672,36615400,225.411750793457,49.11162202376225,220.3650054931641,0,0,220.33506774902344,-0.00701504364184823,1.3520112343023338,210.79706497192382,0.0,0.0,0.0030591852578947722,0.3099140094118664
2024-09-06,223.45818364879955,224.74535922490057,219.2873705935476,220.33506774902344,48423000,225.0389992850167,46.5386536754236,221.8916473388672,1,0,220.4248809814453,0.0004076211441937983,1.3615626557535558,209.31831436157225,0.0,0.0,0.0030591852578947722,0.3104479580591786
2024-09-09,220.3350822772696,220.7840910234286,216.2341073084941,220.4248809814453,67180000,224.6840678623744,46.712126812306686,220.33506774902344,0,0,219.62661743164065,-0.0036214766057732586,1.3610078801641865,209.40363693237305,0.0,0.0,0.0030591852578947722,0.3057022014359838
2024-09-10,218.43922835246784,220.9936039050013,216.25403537150672,219.62661743164065,51591000,224.2279281616211,45.30501290926976,220.4248809814453,1,0,222.1710357666016,0.011585200212596701,1.365954652984517,208.64528656005862,0.0,0.0,0.0030591852578947722,0.320829022857648
2024-09-11,220.97367404683663,222.6000841658612,217.41150656335964,222.1710357666016,44587100,223.96137237548828,50.43056319044928,219.62661743164065,1,0,222.28079223632807,0.0004940179053843014,1.3503110293601028,211.0624839782715,0.0,0.0,0.0030591852578947722,0.3214815360448908
2024-09-12,222.0113809042872,223.0590781064196,219.33727360197892,222.28079223632807,37498200,223.83593532017292,50.64541882208387,222.1710357666016,0,0,222.0113677978516,-0.0012120905084323536,1.3496442809194291,211.16675262451164,0.0,0.0,0.0030591852578947722,0.3198797808179821
2024-09-13,223.0889978371173,223.54797910505988,221.42266715079168,222.0113677978516,36766600,223.526615687779,50.07167709698713,222.28079223632807,0,0,215.844955444336,-0.02777520995740322,1.3512821571963807,210.910799407959,0.0,0.0,0.0030591852578947722,0.2832198427872312
2024-09-16,216.0644583037111,216.7429728995392,213.4502168549942,215.844955444336,59357400,222.7526059831892,39.14215327163235,222.0113677978516,1,0,216.3139038085937,0.0021726167437748404,1.3898865478807387,205.0527076721192,0.0,0.0,0.0030591852578947722,0.2860077877036149
2024-09-17,215.27619443719672,216.42366284814068,214.0289395447448,216.3139038085937,45519300,221.9515108380999,40.21098091432719,215.844955444336,1,0,220.20535278320312,0.017989823613246782,1.3868734035027925,205.498208618164,0.0,0.0,0.0030591852578947722,0.3091428409696646
2024-09-18,217.0722490372817,222.22092099435915,217.0622612537557,220.20535278320312,59894900,221.5381349836077,48.32187679628671,216.3139038085937,1,0,228.3673858642578,0.03706555257578313,1.3623647028024628,209.19508514404296,0.0,0.0,0.0030591852578947722,0.35766694377083574
2024-09-19,224.49591687958383,229.3153117998868,224.1367068474718,228.3673858642578,66781300,221.4725646972656,60.44299089114738,220.20535278320312,0,0,227.6988525390625,-0.002927446590787226,1.3136726983349576,216.94901657104492,0.0,0.0,0.0030591852578947722,0.3536924463048692
2024-09-20,229.46496974860835,232.5781131211396,227.12012443578536,227.6988525390625,318679900,221.41554696219308,59.21781738645249,228.3673858642578,0,0,225.97265625,-0.007581049574092014,1.3175296961522194,216.31390991210935,0.0,0.0,0.0030591852578947722,0.3434300367613581
2024-09-23,226.8407407931877,228.94610768522745,225.31410200503296,225.97265625,54146000,221.67925153459825,56.05814418124593,227.6988525390625,1,0,226.8706817626953,0.0039740450353506545,1.3275942540061194,214.67402343749998,0.0,0.0,0.0030591852578947722,0.34876888822929053
2024-09-24,228.147869614878,228.8463445678705,225.2342838755063,226.8706817626953,43556100,222.1439426967076,57.33358155541331,225.97265625,0,0,225.8728790283203,-0.0043981122929700215,1.3223392184001868,215.52714767456052,0.0,0.0,0.0030591852578947722,0.3428368512015938
2024-09-25,224.43603888049125,226.79085685048213,223.528048842174,225.8728790283203,42308700,222.4283163888114,55.40914802703163,226.8706817626953,1,0,227.02035522460932,0.00508018581613392,1.3281807062918143,214.5792350769043,0.0,0.0,0.0030591852578947722,0.34965871192645026
2024-09-26,226.80083714120576,227.99819881641105,224.9149883158055,227.02035522460932,36636700,222.90583692278184,57.18879937833153,225.8728790283203,1,0,227.2897491455078,0.0011866509530916798,1.3214674063177556,215.66933746337884,0.0,0.0,0.0030591852578947722,0.3512602857233065
2024-09-27,227.9582911728241,229.01596089620384,226.800834966934,227.2897491455078,34026000,223.39618464878623,57.61647551318012,227.02035522460932,1,0,232.48831176757807,0.022871962513110113,1.3199011443668058,215.9252616882324,0.0,0.0,0.0030591852578947722,0.3821662603238245
2024-09-30,229.5348054854851,232.48831176757807,229.1456625683617,232.48831176757807,54541900,224.31487710135323,64.90282421939588,227.2897491455078,0,0,225.71322631835932,-0.02914161747620199,1.2903874509610374,220.86389617919914,0.0,0.0,0.0030591852578947722,0.3418876998769549
2024-10-01,229.0159547825387,229.14565893600417,223.24864947388588,225.71322631835932,63285000,224.56789071219305,52.28683245878595,232.48831176757807,1,1,226.281967163086,0.0025197497461867404,1.3291201623110123,214.42756500244136,0.0025197497461867404,0.7559249238560221,0.0031347777502803743,0.345268921068131
2024-10-02,225.3939223013361,226.8706678098605,222.53022998119604,226.281967163086,32880600,224.8536889212472,53.11080903483588,225.71322631835932,0,0,225.1744079589844,-0.004894597735679709,1.3257795296776076,214.9678688049317,0.0,0.0,0.0031347777502803743,0.3386843708531906
2024-10-03,224.6455731013804,226.3119038145279,222.82957789090327,225.1744079589844,34044200,225.07962036132807,51.25451833636365,226.281967163086,1,0,226.30194091796875,0.005007376145470879,1.3323006052030792,213.91568756103518,0.0,0.0,0.0031347777502803743,0.34538766703811574
2024-10-04,227.39951613756347,227.49930262356304,223.63780617480532,226.30194091796875,37245100,225.826547895159,53.05344627512293,225.1744079589844,0,0,221.2031707763672,-0.022530828153390848,1.3256625143517693,214.9868438720703,0.0,0.0,0.0031347777502803743,0.3150749687123886
2024-10-07,224.0069975750027,225.19438676879489,220.84396072803747,221.2031707763672,39505400,226.17578125,44.971157897747794,226.30194091796875,1,0,225.27420043945312,0.018404029421448403,1.356219257378074,210.14301223754882,0.0,0.0,0.0031347777502803743,0.3392776471279819
2024-10-08,223.8074274254469,225.4837307412941,222.7597302404025,225.27420043945312,31855700,226.537841796875,51.34461635470815,221.2031707763672,1,0,229.03591918945312,0.016698400183695408,1.3317104196342755,214.01049041748047,0.0,0.0,0.0031347777502803743,0.361641441236803
2024-10-09,224.7353864657012,229.24546472466872,224.3362709632568,229.03591918945312,33591100,226.5855941772461,56.37277646312158,225.27420043945312,0,0,228.53700256347656,-0.0021783335458569293,1.3098382169123746,217.58412322998046,0.0,0.0,0.0031347777502803743,0.3586753320079279
2024-10-10,227.279775108536,228.9959990646464,226.67111410985407,228.53700256347656,28183500,226.6454620361328,55.552783064517605,229.03591918945312,0,0,227.05029296875,-0.006505334269944432,1.312697710370444,217.11015243530272,0.0,0.0,0.0031347777502803743,0.34983669480888846
2024-10-11,228.79644988971887,228.9062089337624,226.8407474391105,227.05029296875,31759200,226.7224360874721,53.07526977813108,228.53700256347656,1,0,230.79205322265625,0.01647987415026699,1.3212931640713206,215.6977783203125,0.0,0.0,0.0031347777502803743,0.37208183366275116
2024-10-14,228.19775690140835,231.22110160659443,228.09798564307096,230.79205322265625,39882100,227.00253404889787,58.13571102952336,227.05029296875,1,0,233.33645629882807,0.011024656354684402,1.2998714462259906,219.25245056152343,0.0,0.0,0.0031347777502803743,0.3872085643693881
2024-10-15,233.0969778733182,236.9684620133565,231.85969551276995,233.33645629882807,64751400,227.53564671107705,61.19989045701871,230.79205322265625,0,1,231.27099609375,-0.008851853833045643,1.2856970777673833,221.66963348388666,-0.008851853833045643,-2.6555561499136924,0.002869222135289005,0.3749291969216413
2024-10-16,231.09139869260773,231.61024577942743,229.33525401328012,231.27099609375,34082200,227.8392639160156,57.51944199570829,233.33645629882807,1,0,231.6401824951172,0.0015963367979680899,1.2971795212850186,219.7074462890625,0.0,0.0,0.002869222135289005,0.37712404699328794
2024-10-17,232.9173703418766,233.3364614020046,230.0137723986246,231.6401824951172,32993800,228.15000915527344,58.00557519386131,231.27099609375,1,0,234.4839324951172,0.01227658331714509,1.2951120862043173,220.05817337036132,0.0,0.0,0.002869222135289005,0.394030425094245
2024-10-18,235.66133386929857,235.66133386929857,233.4961010856326,234.4839324951172,46431500,228.2925534929548,61.64641395001268,231.6401824951172,1,1,235.960678100586,0.006297854141880523,1.2794053597094424,222.7597358703613,0.006297854141880523,1.8893562425641572,0.0030581577595454206,0.4028098253808323
2024-10-21,233.9351372634737,236.32987592195377,233.9351372634737,235.960678100586,36254500,229.0245143345424,63.4200007861089,234.4839324951172,0,0,235.342041015625,-0.0026217804167238405,1.2713982787933638,224.16264419555668,0.0,0.0,0.0030581577595454206,0.399131966052261
2024-10-22,233.376366009758,235.70125104779564,232.08920560922664,235.342041015625,38846600,229.67166246686665,62.12395447623556,235.960678100586,0,1,230.25323486328125,-0.021623022093217464,1.2747403681269263,223.57493896484374,-0.021623022093217464,-6.486906627965239,0.002409467096748897,0.3688785046389862
2024-10-23,233.56595129753524,234.62362105236,227.25982300232985,230.25323486328125,52287000,230.03443581717357,52.60134886361123,235.342041015625,0,1,230.06365966796875,-0.0008233334720576896,1.3029132910038492,218.74057312011718,-0.0008233334720576896,-0.24700004161730688,0.002384767092587166,0.3677514611469368
2024-10-24,229.4749437774939,230.31311065070705,227.9083995230432,230.06365966796875,31109500,230.30313001360213,52.27984861404185,230.25323486328125,1,1,230.9018096923828,0.0036431221933255035,1.3039869070715662,218.5604766845703,0.0036431221933255035,1.0929366579976512,0.002494060758386931,0.3727343468499946
2024-10-25,229.2354789664412,232.7078323586645,229.0658541264054,230.9018096923828,38802300,230.99588993617468,53.62928724307496,230.06365966796875,1,0,232.887435913086,0.008599439836996155,1.2992535675648136,219.35671920776366,0.0,0.0,0.002494060758386931,0.38453909327790936
2024-10-28,232.80762499530724,234.21451699403664,232.03931169048727,232.887435913086,36087100,231.5396924700056,56.74962511418566,230.9018096923828,1,0,233.15684509277344,0.0011568214430768484,1.288175975761786,221.2430641174317,0.0,0.0,0.002494060758386931,0.3861407577897913
2024-10-29,232.58810476348472,233.815399347975,231.8098189074392,233.15684509277344,35417200,231.83404432024275,57.1707375051806,232.887435913086,0,0,229.59469604492188,-0.015277908939084239,1.2866875080619211,221.49900283813474,0.0,0.0,0.002494060758386931,0.36496342551552563
2024-10-30,232.09917848988172,232.95729049985405,229.04590082483264,229.59469604492188,47070900,231.9095938546317,50.20961302979426,233.15684509277344,0,0,225.4138946533203,-0.018209485949028884,1.306650393793517,218.11496124267578,0.0,0.0,0.002494060758386931,0.34010814319766225
2024-10-31,228.83635490362704,229.325284321648,224.8750719925984,225.4138946533203,64370100,231.79270826067244,43.51297913787959,229.59469604492188,0,0,222.4204864501953,-0.013279608196862799,1.3308851278284812,214.1431999206543,0.0,0.0,0.002494060758386931,0.32231203211457204
2024-11-01,220.48474431371312,224.8551305713263,219.78628458026083,222.4204864501953,65276700,231.19473920549663,39.45539809511961,225.4138946533203,0,0,221.5224456787109,-0.004037581186054523,1.3487966184588684,211.29946212768553,0.0,0.0,0.002494060758386931,0.31697308993161255
2024-11-04,220.5046966292777,222.3007315284092,219.2275088130919,221.5224456787109,44944500,230.3508813040597,38.30147032884442,222.4204864501953,1,0,222.95928955078125,0.0064862225029525605,1.354264571614158,210.44632339477536,0.0,0.0,0.002494060758386931,0.32551527042330997
2024-11-05,221.31291912362707,223.4581915257104,220.65436486265332,222.95928955078125,28111300,229.75718797956196,41.261481770238994,221.5224456787109,0,0,222.2308959960937,-0.0032669352156401528,1.3455371184777298,211.8113250732422,0.0,0.0,0.002494060758386931,0.3211848979074954
2024-11-06,222.1211369530596,225.5735453041769,220.7042571772517,222.2308959960937,54561100,229.0850960867745,40.20836580899299,222.95928955078125,1,0,226.98043823242188,0.021372105867816273,1.3499473088803697,211.119351196289,0.0,0.0,0.002494060758386931,0.34942140141653444
2024-11-07,224.13670611072257,227.37956894750107,224.0768403097807,226.98043823242188,42137700,228.54913221086773,49.29587761809568,222.2308959960937,0,0,226.7107391357422,-0.0011882041412023482,1.3216998008119452,215.63141632080078,0.0,0.0,0.002494060758386931,0.3478180133191442
2024-11-08,226.92049995960824,228.4088689967903,226.16134014604208,226.7107391357422,38328800,227.8884222848075,48.84192579420708,226.98043823242188,0,0,223.98373413085932,-0.01202856563071803,1.323272118222755,215.37520217895508,0.0,0.0,0.002494060758386931,0.33160569588767075
2024-11-11,224.7528927426808,225.4521209161408,221.25673663335024,223.98373413085932,42005600,227.07711465018136,44.39067524383014,226.7107391357422,0,0,223.98373413085932,0.0,1.3393829742329828,212.78454742431634,0.0,0.0,0.002494060758386931,0.33160569588767075
2024-11-12,224.30339000560164,225.34224111445195,223.11469448970428,223.98373413085932,40398300,226.62929316929407,44.39067524383014,223.98373413085932,1,0,224.8727569580078,0.003969140127957217,1.3393829742329828,212.78454742431634,0.0,0.0,0.002494060758386931,0.33689102548983474
2024-11-13,223.76397540644064,226.4010754152989,222.5153482196322,224.8727569580078,48566200,226.25851440429688,46.24301442303188,223.98373413085932,1,0,227.9693603515625,0.013770469288696184,1.3340877928402028,213.6291191101074,0.0,0.0,0.002494060758386931,0.355300642298676
2024-11-14,224.77287777547028,228.61864039722624,224.7528954725484,227.9693603515625,44923900,226.04905373709545,52.213815506516816,224.8727569580078,0,1,224.7528839111328,-0.014109248872170386,1.3159663190586472,216.57089233398438,-0.014109248872170386,-4.232774661651116,0.0020707832922218193,0.33617836823987157
2024-11-15,226.15134020310103,226.6707733581308,224.023689933323,224.7528839111328,47923700,225.46801430838448,46.44346987618405,227.9693603515625,1,0,227.7695770263672,0.013422266547766185,1.3347993350715797,213.51523971557617,0.0,0.0,0.0020707832922218193,0.3541129104537464
2024-11-18,225.00261496304853,229.4876892234719,224.9227009955052,227.7695770263672,44686000,225.08320944649836,51.82129816749308,224.7528839111328,1,0,228.0292816162109,0.0011402075432297857,1.3171205914180155,216.3810981750488,0.0,0.0,0.0020707832922218193,0.3556568802086306
2024-11-19,226.7307063420897,229.9072217123872,226.4110657200773,228.0292816162109,36211800,224.97139413016183,52.265682150058645,227.7695770263672,1,1,228.7484893798828,0.00315401495182702,1.31562051098736,216.62781753540034,0.00315401495182702,0.946204485548106,0.00216540374077663,0.35993264227835575
2024-11-20,227.80951934283004,229.67746064503265,225.6419044821168,228.7484893798828,35169600,225.20957946777344,53.5436153041178,228.0292816162109,0,0,228.2690277099609,-0.0020960211419174053,1.311484070619543,217.31106491088866,0.0,0.0,0.00216540374077663,0.35708219470855673
2024-11-21,228.6286329426038,229.907225938216,225.4621162861244,228.2690277099609,42108300,225.62733241489957,52.533894682362536,228.7484893798828,1,1,229.61753845214844,0.005907550208261056,1.3142387428099997,216.85557632446285,0.005907550208261056,1.772265062478317,0.0023426302470244617,0.36509922591053456
2024-11-22,227.80952873867184,230.4666110292765,227.80952873867184,229.61753845214844,38168300,226.205553327288,55.09860639312482,228.2690277099609,1,0,232.6142425537109,0.01305085021711865,1.3065204079021997,218.13666152954102,0.0,0.0,0.0023426302470244617,0.3829149314393976
2024-11-25,231.2058026888721,232.9938300911164,229.4876904823425,232.6142425537109,90152800,226.8951928274972,60.239943540534654,229.61753845214844,1,0,234.8018341064453,0.00940437493731402,1.2896888716121053,220.98353042602534,0.0,0.0,0.0023426302470244617,0.3959203819610637
2024-11-26,233.07373841155265,235.31128373473047,233.07373841155265,234.8018341064453,45986200,227.7931169782366,63.52344447091362,232.6142425537109,0,0,234.67198181152344,-0.0005530293041195224,1.2776731542224566,223.06174240112304,0.0,0.0,0.0023426302470244617,0.3951483970836216
2024-11-27,234.21249554010248,235.43115689965904,233.55321672420507,234.67198181152344,33498400,228.34251294817244,63.18986015703752,234.8018341064453,1,0,237.06935119628903,0.010215831332992455,1.2783801358994134,222.93838272094726,0.0,0.0,0.0023426302470244617,0.40940099779272265
2024-11-29,234.5521145499528,237.5488197625333,233.71304074851764,237.06935119628903,28481400,229.0824138096401,66.66985640079582,234.67198181152344,1,0,239.3268585205078,0.009522560857517192,1.2654524867350125,225.21588363647456,0.0,0.0,0.0023426302470244617,0.4228221045668492
2024-12-02,237.00941446483552,240.52553753151284,236.89953466637493,239.3268585205078,48137100,230.17835126604356,69.58572330704004,237.06935119628903,1,0,242.3834991455078,0.012771824457546531,1.2535158061847584,227.36051559448242,0.0,0.0,0.0023426302470244617,0.44099413872069393
2024-12-03,239.54662188503684,242.49337894569652,238.6376176509325,242.3834991455078,38861000,231.4926201956613,73.02657886128918,239.3268585205078,1,0,242.7431030273437,0.0014836153579085144,1.2377080166661998,230.26432418823242,0.0,0.0,0.0023426302470244617,0.44313201975555616
2024-12-04,242.6032573953393,243.84190102311464,240.9850414761411,242.7431030273437,44383900,232.76907348632807,73.4077402207801,242.3834991455078,1,0,242.7730712890625,0.0001234566969980238,1.2358744543452862,230.6059478759765,0.0,0.0,0.0023426302470244617,0.44331018406804734
2024-12-05,243.7220401321925,244.2714238935446,241.86408229295347,242.7730712890625,40033900,233.8264814104353,73.44142234799267,242.7431030273437,0,0,242.5732879638672,-0.0008229220981326903,1.235721896201573,230.63441772460936,0.0,0.0,0.0023426302470244617,0.44212245222311775
2024-12-06,242.6432183998472,244.3613305629988,241.8141281502541,242.5732879638672,36870600,235.099367414202,72.77960774537819,242.7730712890625,1,0,246.47900390625,0.016101179050533352,1.2367396365781498,230.44462356567382,0.0,0.0,0.0023426302470244617,0.46534232403915654
2024-12-09,241.56440918324205,246.96847124510987,241.48449521514056,246.47900390625,44649200,236.43575504847936,77.12040665931224,242.5732879638672,1,0,247.4978790283203,0.004133719732403044,1.2171422118944748,234.1550537109375,0.0,0.0,0.0023426302470244617,0.47139963851876243
2024-12-10,246.61884065291167,247.93739821602463,245.0705399660552,247.4978790283203,36914800,237.82636914934432,78.10146608756494,246.47900390625,0,0,246.2192840576172,-0.005166084556857232,1.212131599583009,235.12298507690429,0.0,0.0,0.0023426302470244617,0.4637982635692455
2024-12-11,247.6876707672576,250.5245479203196,245.98952569372008,246.2192840576172,45205800,239.0742830548968,73.8234904501826,247.4978790283203,1,0,247.68768310546875,0.005963785710253085,1.2184260917995267,233.9083198547363,0.0,0.0,0.0023426302470244617,0.47252804273621285
2024-12-12,246.61885092340057,248.46682524629017,245.4101731068781,247.68768310546875,32777500,240.4613298688616,75.48429774802332,246.2192840576172,1,0,247.85748291015625,0.000685539961287445,1.211202738217128,235.3032989501953,0.0,0.0,0.0023426302470244617,0.4735375195536251
2024-12-13,247.547825822866,249.016197294528,245.96955931284188,247.85748291015625,33155300,241.7641830444336,75.67647931086395,247.68768310546875,1,0,250.7642822265625,0.011727704494844365,1.2103729791718432,235.46460876464843,0.0,0.0,0.0023426302470244617,0.4908187321450159
2024-12-16,247.71764416028492,251.1039203968556,247.3780059899919,250.7642822265625,51694800,243.06061444963728,78.74785349886895,247.85748291015625,1,0,253.2015991210937,0.009719553649706407,1.1963426263751296,238.22606811523437,0.0,0.0,0.0023426302470244617,0.5053088247940867
2024-12-17,249.80533943156328,253.5512208135588,249.50566587259755,253.2015991210937,51356400,244.374883379255,80.92304267891635,250.7642822265625,0,0,247.777572631836,-0.02142177027351102,1.1848266402793333,240.541519165039,0.0,0.0,0.0023426302470244617,0.4730624449586589
2024-12-18,251.883059276542,254.0007260278641,247.46791553993853,247.777572631836,56774100,245.31099700927732,64.98302956825943,253.2015991210937,1,0,249.51565551757807,0.007014690099997994,1.2107633342819104,235.3886940002442,0.0,0.0,0.0023426302470244617,0.48339552150798903
2024-12-19,247.2281772707384,251.72323503929724,246.8186239048489,249.51565551757807,60882300,246.20001874651228,67.21180996309815,247.777572631836,1,0,254.21051025390625,0.018815872401230692,1.2023293663786374,237.03987274169916,0.0,0.0,0.0023426302470244617,0.5113069023612402
2024-12-20,247.76758181309805,254.71994465608725,245.4201718605057,254.21051025390625,147495300,247.2631367274693,72.33415678585149,249.51565551757807,1,0,254.9896545410156,0.003064957016651809,1.1801242981667401,241.49998474121094,0.0,0.0,0.0023426302470244617,0.5159389930559468
2024-12-23,254.49020366493687,255.3692268422544,253.171646035914,254.9896545410156,40858800,248.16357639857705,73.0856344859514,254.21051025390625,1,0,257.9164428710937,0.011478066964506267,1.176518320086372,242.2401718139648,0.0,0.0,0.0023426302470244617,0.5333390423323492
2024-12-24,255.2094124344067,257.92641115938613,255.0096198916901,257.9164428710937,23234700,249.2473863874163,75.75026662338905,254.9896545410156,1,0,258.7355041503906,0.003175684613897601,1.1631674067013231,245.02062072753898,0.0,0.0,0.0023426302470244617,0.5382084435369723
2024-12-26,257.90642916266114,259.81433504408284,257.3470466563245,258.7355041503906,27237100,250.38756016322543,76.45285527784168,257.9164428710937,0,0,255.30929565429688,-0.013242127350648631,1.1594852472416166,245.7987289428711,0.0,0.0,0.0023426302470244617,0.5178392914358125
2024-12-27,257.54682582842287,258.41589596104086,252.78207543596488,255.30929565429688,42355300,251.2972749982561,67.62628882611955,258.7355041503906,0,0,251.9230194091797,-0.013263427155830612,1.1750453473743347,242.54383087158203,0.0,0.0,0.0023426302470244617,0.4977075405595961
2024-12-30,251.95298524244893,253.22159473829512,250.474614913718,251.9230194091797,35557500,251.6861332484654,60.22559458708735,255.30929565429688,0,0,250.1449737548828,-0.00705789275814025,1.1908399665245852,239.32686843872068,0.0,0.0,0.0023426302470244617,0.48713688135526834
2024-12-31,252.16275955239965,253.00183336212825,249.15605553782555,250.1449737548828,39480700,251.87521144321985,56.715918141722746,251.9230194091797,0,0,243.5821990966797,-0.02623588457401503,1.1993045292765712,237.63772506713866,0.0,0.0,0.0023426302470244617,0.44812052979027084
2025-01-02,248.65660659999048,248.826433311358,241.5544297530332,243.5821990966797,55740700,251.68684823172435,46.049069924036935,250.1449737548828,0,0,243.0927276611328,-0.002009471288797257,1.2316170931724268,231.4030891418457,0.0,0.0,0.0023426302470244617,0.44521057316293944
2025-01-03,243.0927276611328,243.911819160746,241.624340886356,243.0927276611328,40244100,251.3586371285575,45.36379464125443,243.5821990966797,1,0,244.73092651367188,0.0067389874979011475,1.2340969756125117,230.93809127807617,0.0,0.0,0.0023426302470244617,0.4549498291473191
2025-01-06,244.04168187374515,247.0583693989477,242.93290033169583,244.73092651367188,45045600,251.13531167166573,48.14515641473605,243.0927276611328,0,0,241.94400024414065,-0.01138771592635445,1.2258360815842395,232.49438018798827,0.0,0.0,0.0023426302470244617,0.4383812738058914
2025-01-07,242.71314361950863,245.28032844029428,241.08494412707995,241.94400024414065,40856000,250.50529153006417,44.03794080980513,244.73092651367188,1,0,242.43344116210932,0.002022951251011722,1.2399563522851413,229.8468002319336,0.0,0.0,0.0023426302470244617,0.44129104900316896
2025-01-08,241.6542990502637,243.44234164075263,239.78635773622744,242.43344116210932,37628900,249.73613739013672,44.92652152866873,241.94400024414065,0,0,236.58987426757807,-0.024103798826267536,1.2374530450994892,230.31176910400384,0.0,0.0,0.0023426302470244617,0.40655045950789637
2025-01-10,239.7463920626497,239.8962364632009,232.74409661721964,236.58987426757807,61710900,248.937016078404,37.30950183685114,242.43344116210932,0,0,234.1425628662109,-0.010344108804078836,1.2680170735485765,224.76038055419914,0.0,0.0,0.0023426302470244617,0.3920009485163196
2025-01-13,233.27352322575203,234.4122706050548,229.4677100170832,234.1425628662109,49630700,247.83893803187772,34.659192191085566,236.58987426757807,0,0,233.02378845214844,-0.0047781761691134276,1.2812706768372568,222.43543472290034,0.0,0.0,0.0023426302470244617,0.3853497227567355
2025-01-14,234.49217517741417,235.8606656353981,232.21468051006943,233.02378845214844,39435300,246.3256007603236,33.48806205078972,234.1425628662109,1,0,237.60874938964844,0.019675935096392635,1.287422206946074,221.372599029541,0.0,0.0,0.0023426302470244617,0.4126077739875027
2025-01-15,234.38230107288464,238.6975638581554,234.17252500331003,237.60874938964844,39832000,245.084107535226,42.11973592735477,233.02378845214844,0,0,228.00930786132807,-0.040400202235728676,1.2625797693503187,225.728311920166,0.0,0.0,0.0023426302470244617,0.355538134238645
2025-01-16,237.089336348529,237.74859991927727,227.7795647267042,228.00930786132807,71759100,242.94788360595703,32.58500869028839,237.60874938964844,1,0,229.7274169921875,0.007535258744368281,1.3157357601491235,216.60884246826166,0.0,0.0,0.0023426302470244617,0.3657524648179913
2025-01-17,231.86506609768284,232.03487756377,228.22906438809176,229.7274169921875,68488300,240.8758773803711,35.40352725525503,228.00930786132807,0,0,222.39547729492188,-0.03191582351493974,1.305895499666034,218.2410461425781,0.0,0.0,0.0023426302470244617,0.32216335018576636
2025-01-21,223.75398423747347,224.17352112887505,219.13906319002533,222.39547729492188,98070400,238.52489035470143,29.69746376274611,229.7274169921875,1,0,223.58416748046875,0.005344938665144416,1.3489482953925616,211.27570343017578,0.0,0.0,0.0023426302470244617,0.32923023219781133
2025-01-22,219.54859611049605,223.8738422645661,219.54859611049605,223.58416748046875,64126500,236.5006866455078,31.621633002551192,222.39547729492188,0,0,223.41436767578125,-0.0007594446717804063,1.3417765818601917,212.4049591064453,0.0,0.0,0.0023426302470244617,0.3282207553803993
2025-01-23,224.493183388126,226.78066167492807,222.0558606945357,223.41436767578125,60234800,234.5913576398577,31.489050858527943,223.58416748046875,0,0,222.5353240966797,-0.0039345883984383215,1.3427963614021448,212.24364929199217,0.0,0.0,0.0023426302470244617,0.3229947534057147
2025-01-24,224.53312753788663,225.38220009721184,221.16683361690275,222.5353240966797,54697900,233.088009425572,30.76979525621685,223.41436767578125,1,0,229.6075439453125,0.03178021232063055,1.3481005823132424,211.4085578918457,0.0,0.0,0.0023426302470244617,0.36503980756802856
2025-01-27,223.7739617116392,231.89502211760887,223.73399710835045,229.6075439453125,94863400,232.1247820172991,42.20719910132333,222.5353240966797,1,0,237.99832153320312,0.03654399783087756,1.3065772789741328,218.12716674804688,0.0,0.0,0.0023426302470244617,0.4149238193348559
2025-01-28,230.5964712720165,239.9262098046868,230.55650666713984,237.99832153320312,75707600,231.64388166155132,52.28025213306582,229.6075439453125,1,1,239.0971221923828,0.004616842052083102,1.2605130912998772,226.09840545654296,0.004616842052083102,1.3850526156249308,0.002481135508586955,0.42145629912445504
2025-01-29,233.8628715636517,239.5965730646729,233.75299176206667,239.0971221923828,45486100,231.4405332292829,53.42508177008952,237.99832153320312,0,0,237.3290557861328,-0.007394762387927759,1.2547202461040639,227.14226608276365,0.0,0.0,0.002481135508586955,0.41094496754760645
2025-01-30,238.40787147181928,240.52553823889048,236.94948349745044,237.3290557861328,55658300,231.07593427385603,51.29271099537931,239.0971221923828,0,0,235.7408142089844,-0.006692149732309391,1.2640677265844036,225.46260299682615,0.0,0.0,0.002481135508586955,0.40150271256072956
2025-01-31,246.9185272875337,246.9185272875337,233.1836281545949,235.7408142089844,101075100,231.0152871268136,49.385834377727846,237.3290557861328,0,0,227.75958251953125,-0.03385596048030014,1.2725840495912166,223.95377349853518,0.0,0.0,0.002481135508586955,0.35405349211123993
2025-02-03,229.73741895869952,231.5753945205246,225.45212191586603,227.75958251953125,73063300,230.55935995919364,41.11411286669913,235.7408142089844,1,0,232.54432678222656,0.0210078724669466,1.3171783890773239,216.37160339355466,0.0,0.0,0.002481135508586955,0.3824992751869367
2025-02-04,227.00041910872287,232.87396618357337,226.40107197135944,232.54432678222656,45067300,230.5251126970564,46.86037566573307,227.75958251953125,0,0,232.21469116210932,-0.0014175173597158618,1.2900766238900527,220.91711044311523,0.0,0.0,0.002481135508586955,0.38053955846456455
2025-02-05,228.2790158263464,232.4144684638066,228.0193068583431,232.21469116210932,39620300,230.13982282366072,46.5235484450444,232.54432678222656,1,0,232.9638671875,0.0032262214834102862,1.2919079258020316,220.60395660400386,0.0,0.0,0.002481135508586955,0.38499348484678064
2025-02-06,231.0359788855247,233.54323203112875,230.1769227714588,232.9638671875,29925300,230.49371991838728,47.44808561568557,232.21469116210932,0,0,227.3800048828125,-0.023968791264069082,1.2877533482844628,221.315673828125,0.0,0.0,0.002481135508586955,0.3517968651063925
2025-02-07,232.3445476829273,233.74300400322835,227.0104008794231,227.3800048828125,39707200,230.32604762486048,41.6660631459628,232.9638671875,1,0,227.6499938964844,0.0011873911860062227,1.31937722560352,216.01100463867186,0.0,0.0,0.002481135508586955,0.35340197678929086
2025-02-10,229.57000732421875,230.58999633789065,227.1999969482422,227.6499938964844,33115600,230.7013702392578,42.03387979958307,227.3800048828125,1,0,232.6199951171875,0.021831765227118893,1.3178124666957565,216.26749420166018,0.0,0.0,0.002481135508586955,0.38294913100447325
2025-02-11,228.1999969482422,235.22999572753903,228.1300048828125,232.6199951171875,53718400,231.34678649902344,48.47449621898012,227.6499938964844,1,0,236.8699951171875,0.01827014052622161,1.2896569783215253,220.9889953613281,0.0,0.0,0.002481135508586955,0.408215805968541
2025-02-12,231.1999969482422,236.9600067138672,230.67999267578125,236.8699951171875,45243300,232.30790274483817,53.25731549405423,232.6199951171875,1,0,241.52999877929688,0.019673254351206093,1.2665175251579668,225.0264953613281,0.0,0.0,0.002481135508586955,0.43591999370074896
2025-02-13,236.91000366210932,242.33999633789065,235.57000732421875,241.52999877929688,53614100,233.664665222168,57.87461089972061,236.8699951171875,1,0,244.6000061035156,0.012710666748373586,1.2420817352553017,229.45349884033203,0.0,0.0,0.002481135508586955,0.45417149421800596
2025-02-14,241.25,245.5500030517578,240.9900054931641,244.6000061035156,40896200,234.73555537632527,60.63352616584272,241.52999877929688,0,0,244.47000122070312,-0.0005314999164695567,1.2264922016111435,232.3700057983398,0.0,0.0,0.002481135508586955,0.4533986021902967
2025-02-18,244.1499938964844,245.17999267578125,241.83999633789065,244.47000122070312,48822500,235.1978182111468,60.45296805541492,244.6000061035156,1,0,244.8699951171875,0.0016361676053793925,1.2271444287725322,232.24650115966796,0.0,0.0,0.002481135508586955,0.4557766059009041
2025-02-19,244.66000366210932,246.009994506836,243.16000366210932,244.8699951171875,32204200,235.61016627720423,60.83936376753229,244.47000122070312,1,0,245.8300018310547,0.00392047508069642,1.2251398945649872,232.62649536132812,0.0,0.0,0.002481135508586955,0.4614839418073995
2025-02-20,244.94000244140625,246.77999877929688,244.2899932861328,245.8300018310547,32316900,236.2173767089844,61.80395300491604,244.8699951171875,0,1,245.5500030517578,-0.0011389935207717348,1.2203555211547097,233.53850173950195,-0.0011389935207717348,-0.34169805623152044,0.002446965702963803,0.459819321066969
2025-02-21,245.9499969482422,248.69000244140625,245.22000122070312,245.5500030517578,53197400,236.9180330548968,61.32946157174188,245.8300018310547,1,1,247.1000061035156,0.006312372357947271,1.221747083166458,233.27250289916992,0.006312372357947271,1.8937117073841812,0.002636336873702221,0.46903424419686934
2025-02-24,244.92999267578125,248.8600006103516,244.4199981689453,247.1000061035156,51326400,238.29949188232425,63.02191839212539,245.5500030517578,0,0,247.0399932861328,-0.00024286853865006946,1.2140833370692976,234.7450057983398,0.0,0.0,0.002636336873702221,0.4686774619967544
2025-02-25,248.0,250.0,244.91000366210932,247.0399932861328,48013300,239.33489663260323,62.90712065387895,247.1000061035156,0,0,240.3600006103516,-0.02704012652738439,1.2143782713454276,234.68799362182617,0.0,0.0,0.002636336873702221,0.4289642375964444
2025-02-26,244.3300018310547,244.97999572753903,239.1300048828125,240.3600006103516,44433600,239.91670445033483,51.63293506429321,247.0399932861328,0,0,237.3000030517578,-0.012730893454915366,1.2481278051181695,228.342000579834,0.0,0.0,0.002636336873702221,0.4107722461367196
2025-02-27,239.41000366210932,242.4600067138672,237.0599975585937,237.3000030517578,41153600,240.22642844063893,47.4387429289267,240.3600006103516,1,0,241.83999633789065,0.019131872009047625,1.2642224869022298,225.43500289916992,0.0,0.0,0.002636336873702221,0.43776296018372407
2025-02-28,236.9499969482422,242.08999633789065,230.1999969482422,241.83999633789065,56833400,241.25928497314453,53.47695613925199,237.3000030517578,0,0,238.02999877929688,-0.015754207808002855,1.2404895986718845,229.7479965209961,0.0,0.0,0.002636336873702221,0.41511214373034044
2025-03-03,241.7899932861328,244.02999877929688,236.1100006103516,238.02999877929688,47184000,242.00071389334545,48.4470045966848,241.83999633789065,0,0,235.92999267578125,-0.008822443029387929,1.2603453410851888,226.128498840332,0.0,0.0,0.002636336873702221,0.4026273974620844
2025-03-04,237.7100067138672,240.07000732421875,234.67999267578125,235.92999267578125,53798100,242.23714229038785,45.885176015871615,238.02999877929688,0,0,235.7400054931641,-0.0008052693108766484,1.2715636388471592,224.13349304199218,0.0,0.0,0.002636336873702221,0.40149790466431345
